Subject,Run,Segment,Class,Fatigue_Level,Predicted_Fatigue_Level
S01,1,2,1,0,1
S01,1,4,2,0,0
S01,1,6,1,0,0
S01,1,8,2,1,1
S01,1,10,1,0,0
S01,1,12,2,2,1
S01,1,14,1,0,0
S01,1,16,2,1,1
S01,1,18,1,0,1
S01,1,20,2,1,1
S01,1,22,1,0,1
S01,1,24,2,2,1
S01,1,26,1,1,0
S01,1,28,2,2,1
S01,2,2,1,2,1
S01,2,4,2,0,1
S01,2,6,1,1,1
S01,2,8,2,1,1
S01,2,10,1,1,1
S01,2,12,2,0,1
S01,2,14,1,0,1
S01,2,16,2,1,1
S01,2,18,1,1,0
S01,2,20,2,2,1
S01,2,22,1,1,0
S01,2,24,2,2,1
S01,2,26,1,2,1
S01,2,28,2,2,1
S01,3,2,1,2,2
S01,3,4,2,2,1
S01,3,6,1,2,2
S01,3,8,2,2,1
S01,3,10,1,2,2
S01,3,12,2,2,1
S01,3,14,1,2,2
S01,3,16,2,2,1
S01,3,18,1,2,2
S01,3,20,2,2,1
S01,3,22,1,2,2
S01,3,24,2,2,1
S01,3,26,1,2,2
S01,3,28,2,2,1
S01,4,2,1,2,2
S01,4,4,2,2,1
S01,4,6,1,2,2
S01,4,8,2,2,1
S01,4,10,1,2,2
S01,4,12,2,2,1
S01,4,14,1,2,2
S01,4,16,2,2,1
S01,4,18,1,2,2
S01,4,20,2,2,1
S01,4,22,1,2,2
S01,4,24,2,2,1
S01,4,26,1,2,2
S01,4,28,2,2,1
S01,5,2,1,0,1
S01,5,4,2,1,1
S01,5,6,1,1,1
S01,5,8,2,2,1
S01,5,10,1,1,1
S01,5,12,2,2,1
S01,5,14,1,2,1
S01,5,16,2,2,1
S01,5,18,1,2,1
S01,5,20,2,2,1
S01,5,22,1,1,2
S01,5,24,2,0,0
S01,5,26,1,0,1
S01,5,28,2,0,1
S01,6,2,1,2,2
S01,6,4,2,2,1
S01,6,6,1,2,2
S01,6,8,2,2,1
S01,6,10,1,2,2
S01,6,12,2,2,1
S01,6,14,1,2,1
S01,6,16,2,2,1
S01,6,18,1,2,2
S01,6,20,2,2,1
S01,6,22,1,2,1
S01,6,24,2,2,1
S01,6,26,1,2,1
S01,6,28,2,2,1
S01,7,2,1,2,1
S01,7,4,2,2,2
S01,7,6,1,2,1
S01,7,8,2,2,1
S01,7,10,1,2,0
S01,7,12,2,2,1
S01,7,14,1,2,1
S01,7,16,2,2,1
S01,7,18,1,2,1
S01,7,20,2,2,1
S01,7,22,1,2,1
S01,7,24,2,2,1
S01,7,26,1,2,1
S01,7,28,2,2,2
S01,8,2,1,2,2
S01,8,4,2,2,1
S01,8,6,1,2,2
S01,8,8,2,2,1
S01,8,10,1,2,1
S01,8,12,2,2,1
S01,8,14,1,2,1
S01,8,16,2,2,1
S01,8,18,1,2,2
S01,8,20,2,2,1
S01,8,22,1,2,2
S01,8,24,2,2,1
S01,8,26,1,2,1
S01,8,28,2,2,1
S01,9,2,1,2,1
S01,9,4,2,2,1
S01,9,6,1,2,1
S01,9,8,2,2,1
S01,9,10,1,2,1
S01,9,12,2,2,1
S01,9,14,1,2,0
S01,9,16,2,2,1
S01,9,18,1,2,0
S01,9,20,2,2,1
S01,9,22,1,2,1
S01,9,24,2,2,1
S01,9,26,1,2,1
S01,9,28,2,2,1
S01,10,2,1,2,2
S01,10,4,2,2,1
S01,10,6,1,2,2
S01,10,8,2,2,1
S01,10,10,1,2,2
S01,10,12,2,2,1
S01,10,14,1,2,2
S01,10,16,2,2,1
S01,10,18,1,2,2
S01,10,20,2,2,1
S01,10,22,1,2,2
S01,10,24,2,2,1
S01,10,26,1,2,1
S01,10,28,2,2,1
S01,11,2,1,2,2
S01,11,4,2,2,1
S01,11,6,1,2,2
S01,11,8,2,2,1
S01,11,10,1,2,1
S01,11,12,2,2,1
S01,11,14,1,2,2
S01,11,16,2,2,1
S01,11,18,1,2,2
S01,11,20,2,2,1
S01,11,22,1,2,1
S01,11,24,2,2,1
S01,11,26,1,2,1
S01,11,28,2,2,1
S01,12,2,1,2,1
S01,12,4,2,2,1
S01,12,6,1,2,1
S01,12,8,2,2,1
S01,12,10,1,2,1
S01,12,12,2,2,1
S01,12,14,1,2,1
S01,12,16,2,2,1
S01,12,18,1,2,1
S01,12,20,2,2,1
S01,12,22,1,2,1
S01,12,24,2,2,1
S01,12,26,1,2,2
S01,12,28,2,2,1
S01,13,2,1,2,2
S01,13,4,2,2,1
S01,13,6,1,2,1
S01,13,8,2,2,1
S01,13,10,1,2,2
S01,13,12,2,2,1
S01,13,14,1,2,1
S01,13,16,2,2,1
S01,13,18,1,2,1
S01,13,20,2,2,1
S01,13,22,1,2,1
S01,13,24,2,2,1
S01,13,26,1,2,1
S01,13,28,2,2,1
S01,14,2,1,2,1
S01,14,4,2,2,2
S01,14,6,1,2,1
S01,14,8,2,2,1
S01,14,10,1,2,1
S01,14,12,2,2,1
S01,14,14,1,2,1
S01,14,16,2,2,1
S01,14,18,1,2,0
S01,14,20,2,2,1
S01,14,22,1,2,1
S01,14,24,2,2,1
S01,14,26,1,2,1
S01,14,28,2,2,1
S01,15,2,1,2,2
S01,15,4,2,2,1
S01,15,6,1,2,2
S01,15,8,2,2,1
S01,15,10,1,2,1
S01,15,12,2,2,1
S01,15,14,1,2,1
S01,15,16,2,2,1
S01,15,18,1,2,1
S01,15,20,2,2,1
S01,15,22,1,2,0
S01,15,24,2,2,1
S01,15,26,1,2,1
S01,15,28,2,2,1
S01,16,2,1,2,1
S01,16,4,2,2,1
S01,16,6,1,2,1
S01,16,8,2,2,1
S01,16,10,1,2,1
S01,16,12,2,2,1
S01,16,14,1,2,1
S01,16,16,2,2,1
S01,16,18,1,2,1
S01,16,20,2,2,1
S01,16,22,1,2,1
S01,16,24,2,2,1
S01,16,26,1,2,0
S01,16,28,2,2,1
S02,1,2,1,0,0
S02,1,4,2,1,1
S02,1,6,1,0,0
S02,1,8,2,1,1
S02,1,10,1,1,1
S02,1,12,2,1,1
S02,1,14,1,1,1
S02,1,16,2,1,1
S02,1,18,1,1,1
S02,1,20,2,0,1
S02,1,22,1,0,0
S02,1,24,2,1,1
S02,1,26,1,0,0
S02,1,28,2,2,2
S02,2,2,1,1,1
S02,2,4,2,0,0
S02,2,6,1,1,2
S02,2,8,2,0,1
S02,2,10,1,1,1
S02,2,12,2,1,1
S02,2,14,1,1,1
S02,2,16,2,1,1
S02,2,18,1,1,1
S02,2,20,2,0,0
S02,2,22,1,1,1
S02,2,24,2,1,0
S02,2,26,1,0,0
S02,2,28,2,1,1
S02,3,2,1,0,0
S02,3,4,2,2,2
S02,3,6,1,1,1
S02,3,8,2,1,1
S02,3,10,1,1,1
S02,3,12,2,1,1
S02,3,14,1,0,1
S02,3,16,2,2,2
S02,3,18,1,0,0
S02,3,20,2,2,2
S02,3,22,1,0,0
S02,3,24,2,2,2
S02,3,26,1,1,0
S02,3,28,2,2,2
S02,4,2,1,1,2
S02,4,4,2,1,1
S02,4,6,1,1,1
S02,4,8,2,2,1
S02,4,10,1,1,1
S02,4,12,2,1,2
S02,4,14,1,1,1
S02,4,16,2,2,2
S02,4,18,1,2,2
S02,4,20,2,2,2
S02,4,22,1,1,2
S02,4,24,2,2,2
S02,4,26,1,1,1
S02,4,28,2,2,2
S02,5,2,1,0,0
S02,5,4,2,2,2
S02,5,6,1,0,0
S02,5,8,2,2,2
S02,5,10,1,0,0
S02,5,12,2,2,2
S02,5,14,1,0,0
S02,5,16,2,2,2
S02,5,18,1,0,0
S02,5,20,2,2,2
S02,5,22,1,0,0
S02,5,24,2,2,2
S02,5,26,1,0,0
S02,5,28,2,2,1
S02,6,2,1,1,0
S02,6,4,2,2,2
S02,6,6,1,1,1
S02,6,8,2,2,2
S02,6,10,1,1,1
S02,6,12,2,2,2
S02,6,14,1,1,1
S02,6,16,2,2,2
S02,6,18,1,2,1
S02,6,20,2,2,2
S02,6,22,1,1,2
S02,6,24,2,2,2
S02,6,26,1,0,0
S02,6,28,2,2,2
S02,7,2,1,0,0
S02,7,4,2,2,2
S02,7,6,1,0,0
S02,7,8,2,2,1
S02,7,10,1,0,0
S02,7,12,2,1,1
S02,7,14,1,0,0
S02,7,16,2,2,2
S02,7,18,1,0,0
S02,7,20,2,2,2
S02,7,22,1,0,0
S02,7,24,2,2,2
S02,7,26,1,1,0
S02,7,28,2,2,2
S02,8,2,1,2,2
S02,8,4,2,1,1
S02,8,6,1,1,1
S02,8,8,2,1,1
S02,8,10,1,1,1
S02,8,12,2,1,1
S02,8,14,1,1,0
S02,8,16,2,1,1
S02,8,18,1,0,1
S02,8,20,2,1,1
S02,8,22,1,0,1
S02,8,24,2,1,1
S02,8,26,1,0,0
S02,8,28,2,2,2
S02,9,2,1,0,0
S02,9,4,2,1,1
S02,9,6,1,0,0
S02,9,8,2,2,2
S02,9,10,1,0,0
S02,9,12,2,2,2
S02,9,14,1,0,0
S02,9,16,2,2,2
S02,9,18,1,0,0
S02,9,20,2,2,2
S02,9,22,1,0,0
S02,9,24,2,2,2
S02,9,26,1,1,1
S02,9,28,2,2,2
S02,10,2,1,0,1
S02,10,4,2,2,2
S02,10,6,1,0,0
S02,10,8,2,2,2
S02,10,10,1,0,0
S02,10,12,2,2,1
S02,10,14,1,0,0
S02,10,16,2,2,2
S02,10,18,1,0,0
S02,10,20,2,2,2
S02,10,22,1,0,0
S02,10,24,2,2,2
S02,10,26,1,0,0
S02,10,28,2,2,2
S02,11,2,1,0,0
S02,11,4,2,2,2
S02,11,6,1,0,0
S02,11,8,2,2,2
S02,11,10,1,0,0
S02,11,12,2,2,2
S02,11,14,1,0,0
S02,11,16,2,2,2
S02,11,18,1,0,0
S02,11,20,2,2,2
S02,11,22,1,0,0
S02,11,24,2,2,2
S02,11,26,1,0,0
S02,11,28,2,2,2
S02,12,2,1,0,0
S02,12,4,2,2,2
S02,12,6,1,1,0
S02,12,8,2,2,2
S02,12,10,1,1,0
S02,12,12,2,2,2
S02,12,14,1,1,1
S02,12,16,2,2,2
S02,12,18,1,0,0
S02,12,20,2,2,2
S02,12,22,1,0,0
S02,12,24,2,2,2
S02,12,26,1,0,0
S02,12,28,2,2,2
S02,13,2,1,1,1
S02,13,4,2,2,2
S02,13,6,1,1,1
S02,13,8,2,2,2
S02,13,10,1,1,1
S02,13,12,2,2,2
S02,13,14,1,1,1
S02,13,16,2,2,2
S02,13,18,1,0,0
S02,13,20,2,2,2
S02,13,22,1,1,1
S02,13,24,2,2,2
S02,13,26,1,0,0
S02,13,28,2,2,2
S02,14,2,1,0,1
S02,14,4,2,2,2
S02,14,6,1,0,1
S02,14,8,2,2,2
S02,14,10,1,0,1
S02,14,12,2,2,2
S02,14,14,1,0,0
S02,14,16,2,2,2
S02,14,18,1,1,1
S02,14,20,2,2,2
S02,14,22,1,1,1
S02,14,24,2,2,2
S02,14,26,1,0,0
S02,14,28,2,2,2
S02,15,2,1,2,2
S02,15,4,2,2,2
S02,15,6,1,0,0
S02,15,8,2,2,2
S02,15,10,1,1,0
S02,15,12,2,2,2
S02,15,14,1,0,1
S02,15,16,2,2,2
S02,15,18,1,0,0
S02,15,20,2,2,2
S02,15,22,1,0,0
S02,15,24,2,2,2
S02,15,26,1,1,1
S02,15,28,2,2,2
S02,16,2,1,0,0
S02,16,4,2,2,2
S02,16,6,1,1,1
S02,16,8,2,2,2
S02,16,10,1,1,1
S02,16,12,2,2,2
S02,16,14,1,1,1
S02,16,16,2,2,2
S02,16,18,1,2,1
S02,16,20,2,2,2
S02,16,22,1,2,2
S02,16,24,2,2,2
S02,16,26,1,0,0
S02,16,28,2,2,2
S03,1,2,1,1,1
S03,1,4,2,1,1
S03,1,6,1,0,1
S03,1,8,2,1,2
S03,1,10,1,1,1
S03,1,12,2,0,1
S03,1,14,1,0,1
S03,1,16,2,1,1
S03,1,18,1,0,1
S03,1,20,2,1,2
S03,1,22,1,0,1
S03,1,24,2,2,2
S03,1,26,1,1,2
S03,1,28,2,1,1
S03,2,2,1,1,1
S03,2,4,2,2,2
S03,2,6,1,1,1
S03,2,8,2,2,1
S03,2,10,1,2,2
S03,2,12,2,2,2
S03,2,14,1,2,1
S03,2,16,2,2,1
S03,2,18,1,1,1
S03,2,20,2,1,1
S03,2,22,1,2,1
S03,2,24,2,2,2
S03,2,26,1,2,2
S03,2,28,2,2,2
S03,3,2,1,1,1
S03,3,4,2,1,1
S03,3,6,1,2,1
S03,3,8,2,2,1
S03,3,10,1,1,1
S03,3,12,2,2,1
S03,3,14,1,2,1
S03,3,16,2,2,1
S03,3,18,1,2,1
S03,3,20,2,2,1
S03,3,22,1,1,1
S03,3,24,2,2,1
S03,3,26,1,2,1
S03,3,28,2,2,1
S03,4,2,1,1,1
S03,4,4,2,2,2
S03,4,6,1,2,1
S03,4,8,2,2,1
S03,4,10,1,2,1
S03,4,12,2,2,1
S03,4,14,1,1,1
S03,4,16,2,2,1
S03,4,18,1,2,1
S03,4,20,2,2,1
S03,4,22,1,2,1
S03,4,24,2,2,1
S03,4,26,1,2,1
S03,4,28,2,2,1
S03,5,2,1,0,1
S03,5,4,2,2,1
S03,5,6,1,2,2
S03,5,8,2,1,1
S03,5,10,1,1,1
S03,5,12,2,1,1
S03,5,14,1,2,2
S03,5,16,2,1,1
S03,5,18,1,1,1
S03,5,20,2,2,2
S03,5,22,1,1,2
S03,5,24,2,2,2
S03,5,26,1,2,1
S03,5,28,2,1,1
S03,6,2,1,0,1
S03,6,4,2,2,1
S03,6,6,1,1,1
S03,6,8,2,2,1
S03,6,10,1,2,1
S03,6,12,2,2,1
S03,6,14,1,2,1
S03,6,16,2,2,1
S03,6,18,1,1,1
S03,6,20,2,2,1
S03,6,22,1,2,1
S03,6,24,2,2,1
S03,6,26,1,2,1
S03,6,28,2,2,1
S03,7,2,1,1,1
S03,7,4,2,1,1
S03,7,6,1,1,1
S03,7,8,2,1,1
S03,7,10,1,2,2
S03,7,12,2,2,1
S03,7,14,1,2,2
S03,7,16,2,2,2
S03,7,18,1,1,1
S03,7,20,2,2,2
S03,7,22,1,2,2
S03,7,24,2,2,2
S03,7,26,1,2,1
S03,7,28,2,2,1
S03,8,2,1,1,1
S03,8,4,2,1,1
S03,8,6,1,0,1
S03,8,8,2,2,1
S03,8,10,1,1,1
S03,8,12,2,1,1
S03,8,14,1,2,1
S03,8,16,2,2,1
S03,8,18,1,2,1
S03,8,20,2,2,1
S03,8,22,1,2,1
S03,8,24,2,2,1
S03,8,26,1,2,1
S03,8,28,2,2,1
S03,9,2,1,2,1
S03,9,4,2,2,1
S03,9,6,1,1,1
S03,9,8,2,2,2
S03,9,10,1,2,1
S03,9,12,2,2,2
S03,9,14,1,2,2
S03,9,16,2,2,2
S03,9,18,1,2,2
S03,9,20,2,2,2
S03,9,22,1,2,2
S03,9,24,2,1,1
S03,9,26,1,2,2
S03,9,28,2,2,2
S03,10,2,1,0,1
S03,10,4,2,2,1
S03,10,6,1,2,1
S03,10,8,2,2,2
S03,10,10,1,2,1
S03,10,12,2,2,1
S03,10,14,1,2,1
S03,10,16,2,2,2
S03,10,18,1,2,1
S03,10,20,2,2,1
S03,10,22,1,2,1
S03,10,24,2,2,1
S03,10,26,1,2,1
S03,10,28,2,2,1
S03,11,2,1,2,1
S03,11,4,2,2,1
S03,11,6,1,2,1
S03,11,8,2,2,1
S03,11,10,1,2,1
S03,11,12,2,2,1
S03,11,14,1,2,1
S03,11,16,2,2,1
S03,11,18,1,2,1
S03,11,20,2,2,1
S03,11,22,1,2,1
S03,11,24,2,2,1
S03,11,26,1,2,1
S03,11,28,2,2,1
S03,12,2,1,0,1
S03,12,4,2,0,1
S03,12,6,1,0,1
S03,12,8,2,2,1
S03,12,10,1,2,2
S03,12,12,2,0,1
S03,12,14,1,1,1
S03,12,16,2,2,2
S03,12,18,1,2,2
S03,12,20,2,2,2
S03,12,22,1,2,2
S03,12,24,2,2,2
S03,12,26,1,2,2
S03,12,28,2,1,2
S03,13,2,1,2,1
S03,13,4,2,2,1
S03,13,6,1,2,1
S03,13,8,2,2,1
S03,13,10,1,2,1
S03,13,12,2,2,1
S03,13,14,1,2,1
S03,13,16,2,2,1
S03,13,18,1,2,1
S03,13,20,2,1,1
S03,13,22,1,2,1
S03,13,24,2,2,1
S03,13,26,1,2,1
S03,13,28,2,2,1
S03,14,2,1,0,1
S03,14,4,2,2,2
S03,14,6,1,1,1
S03,14,8,2,1,1
S03,14,10,1,1,2
S03,14,12,2,2,2
S03,14,14,1,1,2
S03,14,16,2,2,1
S03,14,18,1,2,2
S03,14,20,2,2,1
S03,14,22,1,2,2
S03,14,24,2,2,1
S03,14,26,1,2,2
S03,14,28,2,2,1
S03,15,2,1,1,1
S03,15,4,2,2,1
S03,15,6,1,2,1
S03,15,8,2,1,1
S03,15,10,1,0,1
S03,15,12,2,2,1
S03,15,14,1,2,1
S03,15,16,2,2,1
S03,15,18,1,1,1
S03,15,20,2,1,1
S03,15,22,1,1,1
S03,15,24,2,1,1
S03,15,26,1,1,1
S03,15,28,2,2,1
S03,16,2,1,1,1
S03,16,4,2,2,1
S03,16,6,1,1,2
S03,16,8,2,2,2
S03,16,10,1,2,2
S03,16,12,2,0,1
S03,16,14,1,2,2
S03,16,16,2,1,1
S03,16,18,1,2,1
S03,16,20,2,2,2
S03,16,22,1,1,2
S03,16,24,2,2,2
S03,16,26,1,2,2
S03,16,28,2,2,1
S04,1,2,1,1,1
S04,1,4,2,2,2
S04,1,6,1,0,0
S04,1,8,2,0,0
S04,1,10,1,1,2
S04,1,12,2,1,1
S04,1,14,1,0,0
S04,1,16,2,2,2
S04,1,18,1,1,1
S04,1,20,2,0,1
S04,1,22,1,2,1
S04,1,24,2,1,1
S04,1,26,1,1,1
S04,1,28,2,2,2
S04,2,2,1,1,1
S04,2,4,2,1,1
S04,2,6,1,1,1
S04,2,8,2,1,1
S04,2,10,1,0,0
S04,2,12,2,1,0
S04,2,14,1,0,0
S04,2,16,2,0,0
S04,2,18,1,1,1
S04,2,20,2,1,0
S04,2,22,1,1,0
S04,2,24,2,0,0
S04,2,26,1,2,2
S04,2,28,2,0,0
S04,3,2,1,2,0
S04,3,4,2,2,1
S04,3,6,1,2,1
S04,3,8,2,2,1
S04,3,10,1,1,0
S04,3,12,2,1,1
S04,3,14,1,1,0
S04,3,16,2,0,0
S04,3,18,1,0,0
S04,3,20,2,0,0
S04,3,22,1,1,0
S04,3,24,2,1,1
S04,3,26,1,1,0
S04,3,28,2,1,0
S04,4,2,1,2,1
S04,4,4,2,2,1
S04,4,6,1,0,0
S04,4,8,2,1,1
S04,4,10,1,1,1
S04,4,12,2,2,1
S04,4,14,1,2,1
S04,4,16,2,2,1
S04,4,18,1,1,1
S04,4,20,2,2,1
S04,4,22,1,1,1
S04,4,24,2,1,0
S04,4,26,1,0,0
S04,4,28,2,1,1
S04,5,2,1,0,0
S04,5,4,2,0,0
S04,5,6,1,0,0
S04,5,8,2,0,0
S04,5,10,1,0,0
S04,5,12,2,0,0
S04,5,14,1,0,0
S04,5,16,2,2,2
S04,5,18,1,0,0
S04,5,20,2,2,2
S04,5,22,1,0,0
S04,5,24,2,1,1
S04,5,26,1,0,1
S04,5,28,2,0,0
S04,6,2,1,2,1
S04,6,4,2,2,1
S04,6,6,1,0,1
S04,6,8,2,1,1
S04,6,10,1,0,0
S04,6,12,2,2,1
S04,6,14,1,0,0
S04,6,16,2,1,1
S04,6,18,1,0,0
S04,6,20,2,1,1
S04,6,22,1,0,0
S04,6,24,2,0,0
S04,6,26,1,1,1
S04,6,28,2,0,0
S04,7,2,1,2,2
S04,7,4,2,0,0
S04,7,6,1,1,1
S04,7,8,2,0,0
S04,7,10,1,1,0
S04,7,12,2,0,0
S04,7,14,1,1,1
S04,7,16,2,0,0
S04,7,18,1,0,0
S04,7,20,2,0,0
S04,7,22,1,0,0
S04,7,24,2,0,0
S04,7,26,1,2,2
S04,7,28,2,0,0
S04,8,2,1,2,0
S04,8,4,2,2,1
S04,8,6,1,1,0
S04,8,8,2,1,1
S04,8,10,1,1,0
S04,8,12,2,1,1
S04,8,14,1,0,0
S04,8,16,2,1,1
S04,8,18,1,0,0
S04,8,20,2,1,1
S04,8,22,1,0,0
S04,8,24,2,1,1
S04,8,26,1,0,0
S04,8,28,2,1,1
S04,9,2,1,2,1
S04,9,4,2,1,1
S04,9,6,1,0,0
S04,9,8,2,0,0
S04,9,10,1,0,0
S04,9,12,2,0,0
S04,9,14,1,1,1
S04,9,16,2,0,0
S04,9,18,1,2,1
S04,9,20,2,1,1
S04,9,22,1,2,2
S04,9,24,2,0,0
S04,9,26,1,1,1
S04,9,28,2,1,0
S04,10,2,1,2,0
S04,10,4,2,2,1
S04,10,6,1,2,1
S04,10,8,2,2,1
S04,10,10,1,2,1
S04,10,12,2,1,1
S04,10,14,1,1,1
S04,10,16,2,2,1
S04,10,18,1,1,0
S04,10,20,2,0,0
S04,10,22,1,0,0
S04,10,24,2,1,1
S04,10,26,1,0,0
S04,10,28,2,2,1
S04,11,2,1,2,2
S04,11,4,2,2,1
S04,11,6,1,1,1
S04,11,8,2,1,1
S04,11,10,1,0,0
S04,11,12,2,1,1
S04,11,14,1,1,0
S04,11,16,2,1,1
S04,11,18,1,1,1
S04,11,20,2,1,1
S04,11,22,1,0,0
S04,11,24,2,2,1
S04,11,26,1,1,0
S04,11,28,2,1,1
S04,12,2,1,1,1
S04,12,4,2,1,1
S04,12,6,1,1,1
S04,12,8,2,2,2
S04,12,10,1,0,0
S04,12,12,2,2,2
S04,12,14,1,1,1
S04,12,16,2,2,2
S04,12,18,1,0,0
S04,12,20,2,2,2
S04,12,22,1,0,0
S04,12,24,2,2,2
S04,12,26,1,0,0
S04,12,28,2,2,2
S04,13,2,1,1,0
S04,13,4,2,2,1
S04,13,6,1,1,0
S04,13,8,2,1,1
S04,13,10,1,1,0
S04,13,12,2,1,1
S04,13,14,1,0,0
S04,13,16,2,0,0
S04,13,18,1,0,0
S04,13,20,2,1,1
S04,13,22,1,0,0
S04,13,24,2,1,1
S04,13,26,1,0,0
S04,13,28,2,0,0
S04,14,2,1,1,1
S04,14,4,2,0,0
S04,14,6,1,0,0
S04,14,8,2,1,1
S04,14,10,1,0,0
S04,14,12,2,2,2
S04,14,14,1,0,0
S04,14,16,2,2,2
S04,14,18,1,0,0
S04,14,20,2,0,0
S04,14,22,1,0,0
S04,14,24,2,2,2
S04,14,26,1,0,0
S04,14,28,2,2,2
S04,15,2,1,2,0
S04,15,4,2,1,1
S04,15,6,1,0,0
S04,15,8,2,1,1
S04,15,10,1,0,0
S04,15,12,2,1,1
S04,15,14,1,0,0
S04,15,16,2,0,0
S04,15,18,1,1,1
S04,15,20,2,0,0
S04,15,22,1,1,1
S04,15,24,2,0,0
S04,15,26,1,0,0
S04,15,28,2,0,0
S04,16,2,1,0,0
S04,16,4,2,2,1
S04,16,6,1,0,0
S04,16,8,2,1,1
S04,16,10,1,1,0
S04,16,12,2,1,1
S04,16,14,1,1,1
S04,16,16,2,0,0
S04,16,18,1,0,0
S04,16,20,2,2,1
S04,16,22,1,2,2
S04,16,24,2,0,0
S04,16,26,1,0,0
S04,16,28,2,1,1
S05,1,2,1,0,1
S05,1,4,2,2,0
S05,1,6,1,1,1
S05,1,8,2,0,0
S05,1,10,1,1,1
S05,1,12,2,1,1
S05,1,14,1,1,1
S05,1,16,2,1,1
S05,1,18,1,1,1
S05,1,20,2,1,1
S05,1,22,1,1,1
S05,1,24,2,1,1
S05,1,26,1,1,1
S05,1,28,2,1,1
S05,2,2,1,2,1
S05,2,4,2,2,1
S05,2,6,1,1,1
S05,2,8,2,1,1
S05,2,10,1,1,1
S05,2,12,2,1,1
S05,2,14,1,1,1
S05,2,16,2,0,1
S05,2,18,1,1,1
S05,2,20,2,1,1
S05,2,22,1,1,1
S05,2,24,2,1,1
S05,2,26,1,1,1
S05,2,28,2,1,1
S05,3,2,1,2,1
S05,3,4,2,1,1
S05,3,6,1,1,1
S05,3,8,2,1,0
S05,3,10,1,1,1
S05,3,12,2,0,0
S05,3,14,1,1,1
S05,3,16,2,2,1
S05,3,18,1,1,1
S05,3,20,2,1,1
S05,3,22,1,2,1
S05,3,24,2,2,1
S05,3,26,1,1,1
S05,3,28,2,2,1
S05,4,2,1,2,1
S05,4,4,2,2,1
S05,4,6,1,2,2
S05,4,8,2,2,1
S05,4,10,1,2,1
S05,4,12,2,1,1
S05,4,14,1,1,1
S05,4,16,2,1,0
S05,4,18,1,1,1
S05,4,20,2,1,1
S05,4,22,1,1,1
S05,4,24,2,1,1
S05,4,26,1,1,1
S05,4,28,2,1,1
S05,5,2,1,1,1
S05,5,4,2,0,0
S05,5,6,1,1,1
S05,5,8,2,0,0
S05,5,10,1,1,1
S05,5,12,2,2,0
S05,5,14,1,1,1
S05,5,16,2,2,0
S05,5,18,1,1,1
S05,5,20,2,0,0
S05,5,22,1,1,1
S05,5,24,2,1,1
S05,5,26,1,1,1
S05,5,28,2,2,0
S05,6,2,1,1,1
S05,6,4,2,1,1
S05,6,6,1,1,1
S05,6,8,2,1,1
S05,6,10,1,1,1
S05,6,12,2,1,1
S05,6,14,1,1,1
S05,6,16,2,1,1
S05,6,18,1,1,1
S05,6,20,2,1,1
S05,6,22,1,1,1
S05,6,24,2,1,1
S05,6,26,1,1,1
S05,6,28,2,1,1
S05,7,2,1,2,1
S05,7,4,2,1,1
S05,7,6,1,1,1
S05,7,8,2,1,0
S05,7,10,1,1,1
S05,7,12,2,1,1
S05,7,14,1,2,1
S05,7,16,2,1,1
S05,7,18,1,1,1
S05,7,20,2,1,1
S05,7,22,1,1,1
S05,7,24,2,0,1
S05,7,26,1,1,1
S05,7,28,2,1,1
S05,8,2,1,2,1
S05,8,4,2,2,1
S05,8,6,1,2,1
S05,8,8,2,2,1
S05,8,10,1,2,1
S05,8,12,2,0,0
S05,8,14,1,1,1
S05,8,16,2,0,0
S05,8,18,1,1,1
S05,8,20,2,1,1
S05,8,22,1,1,1
S05,8,24,2,1,1
S05,8,26,1,1,1
S05,8,28,2,2,1
S05,9,2,1,2,2
S05,9,4,2,2,1
S05,9,6,1,2,1
S05,9,8,2,2,1
S05,9,10,1,1,1
S05,9,12,2,1,1
S05,9,14,1,1,1
S05,9,16,2,1,1
S05,9,18,1,1,1
S05,9,20,2,2,1
S05,9,22,1,1,1
S05,9,24,2,1,1
S05,9,26,1,1,1
S05,9,28,2,1,1
S05,10,2,1,1,1
S05,10,4,2,1,0
S05,10,6,1,2,1
S05,10,8,2,0,0
S05,10,10,1,1,1
S05,10,12,2,1,1
S05,10,14,1,1,1
S05,10,16,2,1,1
S05,10,18,1,1,1
S05,10,20,2,2,1
S05,10,22,1,1,1
S05,10,24,2,1,1
S05,10,26,1,1,1
S05,10,28,2,1,1
S05,11,2,1,1,1
S05,11,4,2,2,1
S05,11,6,1,2,2
S05,11,8,2,2,1
S05,11,10,1,2,1
S05,11,12,2,2,1
S05,11,14,1,1,1
S05,11,16,2,1,1
S05,11,18,1,1,1
S05,11,20,2,1,1
S05,11,22,1,1,1
S05,11,24,2,1,1
S05,11,26,1,1,1
S05,11,28,2,1,1
S05,12,2,1,1,1
S05,12,4,2,0,1
S05,12,6,1,1,1
S05,12,8,2,1,1
S05,12,10,1,1,1
S05,12,12,2,2,0
S05,12,14,1,2,2
S05,12,16,2,1,1
S05,12,18,1,2,1
S05,12,20,2,1,1
S05,12,22,1,1,1
S05,12,24,2,0,1
S05,12,26,1,2,1
S05,12,28,2,1,0
S05,13,2,1,2,2
S05,13,4,2,2,2
S05,13,6,1,2,1
S05,13,8,2,2,2
S05,13,10,1,2,1
S05,13,12,2,2,1
S05,13,14,1,2,2
S05,13,16,2,2,2
S05,13,18,1,2,1
S05,13,20,2,2,1
S05,13,22,1,2,2
S05,13,24,2,2,1
S05,13,26,1,2,1
S05,13,28,2,2,1
S05,14,2,1,2,1
S05,14,4,2,2,1
S05,14,6,1,2,1
S05,14,8,2,2,2
S05,14,10,1,2,2
S05,14,12,2,2,2
S05,14,14,1,2,2
S05,14,16,2,2,1
S05,14,18,1,2,2
S05,14,20,2,2,1
S05,14,22,1,2,2
S05,14,24,2,2,1
S05,14,26,1,2,2
S05,14,28,2,2,1
S05,15,2,1,2,1
S05,15,4,2,2,1
S05,15,6,1,2,1
S05,15,8,2,1,0
S05,15,10,1,2,1
S05,15,12,2,2,0
S05,15,14,1,2,1
S05,15,16,2,1,1
S05,15,18,1,2,1
S05,15,20,2,2,0
S05,15,22,1,1,1
S05,15,24,2,0,0
S05,15,26,1,1,1
S05,15,28,2,1,1
S05,16,2,1,2,2
S05,16,4,2,2,2
S05,16,6,1,2,1
S05,16,8,2,2,1
S05,16,10,1,2,2
S05,16,12,2,2,1
S05,16,14,1,2,1
S05,16,16,2,2,1
S05,16,18,1,2,1
S05,16,20,2,2,1
S05,16,22,1,2,1
S05,16,24,2,2,1
S05,16,26,1,2,1
S05,16,28,2,2,1
S06,1,2,1,0,0
S06,1,4,2,0,0
S06,1,6,1,0,0
S06,1,8,2,0,0
S06,1,10,1,0,0
S06,1,12,2,0,0
S06,1,14,1,0,0
S06,1,16,2,0,0
S06,1,18,1,0,0
S06,1,20,2,0,0
S06,1,22,1,0,1
S06,1,24,2,0,0
S06,1,26,1,0,0
S06,1,28,2,0,0
S06,2,2,1,0,0
S06,2,4,2,0,0
S06,2,6,1,0,0
S06,2,8,2,0,0
S06,2,10,1,0,1
S06,2,12,2,0,0
S06,2,14,1,0,0
S06,2,16,2,0,0
S06,2,18,1,0,0
S06,2,20,2,0,0
S06,2,22,1,0,0
S06,2,24,2,0,0
S06,2,26,1,0,0
S06,2,28,2,0,0
S06,3,2,1,0,1
S06,3,4,2,0,0
S06,3,6,1,1,1
S06,3,8,2,1,1
S06,3,10,1,0,1
S06,3,12,2,0,0
S06,3,14,1,1,1
S06,3,16,2,0,0
S06,3,18,1,1,1
S06,3,20,2,0,0
S06,3,22,1,1,1
S06,3,24,2,0,0
S06,3,26,1,1,1
S06,3,28,2,0,0
S06,4,2,1,1,1
S06,4,4,2,0,1
S06,4,6,1,1,1
S06,4,8,2,0,1
S06,4,10,1,0,1
S06,4,12,2,0,0
S06,4,14,1,1,1
S06,4,16,2,0,0
S06,4,18,1,1,1
S06,4,20,2,1,1
S06,4,22,1,0,1
S06,4,24,2,0,0
S06,4,26,1,2,1
S06,4,28,2,1,1
S06,5,2,1,1,1
S06,5,4,2,0,0
S06,5,6,1,2,2
S06,5,8,2,1,1
S06,5,10,1,1,1
S06,5,12,2,0,0
S06,5,14,1,2,2
S06,5,16,2,0,1
S06,5,18,1,1,2
S06,5,20,2,0,0
S06,5,22,1,1,1
S06,5,24,2,0,0
S06,5,26,1,1,1
S06,5,28,2,0,0
S06,6,2,1,1,1
S06,6,4,2,1,1
S06,6,6,1,1,1
S06,6,8,2,0,1
S06,6,10,1,2,2
S06,6,12,2,1,1
S06,6,14,1,1,1
S06,6,16,2,1,1
S06,6,18,1,1,1
S06,6,20,2,1,1
S06,6,22,1,1,1
S06,6,24,2,1,1
S06,6,26,1,1,1
S06,6,28,2,1,1
S06,7,2,1,0,1
S06,7,4,2,0,0
S06,7,6,1,2,2
S06,7,8,2,1,1
S06,7,10,1,1,1
S06,7,12,2,0,0
S06,7,14,1,1,1
S06,7,16,2,0,0
S06,7,18,1,1,1
S06,7,20,2,0,1
S06,7,22,1,1,1
S06,7,24,2,0,1
S06,7,26,1,1,1
S06,7,28,2,0,0
S06,8,2,1,0,1
S06,8,4,2,0,0
S06,8,6,1,1,1
S06,8,8,2,0,0
S06,8,10,1,1,1
S06,8,12,2,0,0
S06,8,14,1,1,1
S06,8,16,2,0,0
S06,8,18,1,1,1
S06,8,20,2,0,0
S06,8,22,1,1,1
S06,8,24,2,0,0
S06,8,26,1,1,1
S06,8,28,2,0,0
S06,9,2,1,0,0
S06,9,4,2,0,0
S06,9,6,1,2,2
S06,9,8,2,0,0
S06,9,10,1,1,1
S06,9,12,2,0,0
S06,9,14,1,0,0
S06,9,16,2,0,0
S06,9,18,1,1,1
S06,9,20,2,0,0
S06,9,22,1,0,0
S06,9,24,2,0,0
S06,9,26,1,0,0
S06,9,28,2,0,0
S06,10,2,1,0,1
S06,10,4,2,0,0
S06,10,6,1,1,1
S06,10,8,2,0,0
S06,10,10,1,1,1
S06,10,12,2,0,0
S06,10,14,1,1,1
S06,10,16,2,0,0
S06,10,18,1,0,1
S06,10,20,2,0,0
S06,10,22,1,1,1
S06,10,24,2,0,0
S06,10,26,1,1,1
S06,10,28,2,0,0
S06,11,2,1,1,1
S06,11,4,2,0,0
S06,11,6,1,1,1
S06,11,8,2,0,0
S06,11,10,1,1,2
S06,11,12,2,0,0
S06,11,14,1,1,1
S06,11,16,2,0,0
S06,11,18,1,1,1
S06,11,20,2,0,0
S06,11,22,1,0,1
S06,11,24,2,0,0
S06,11,26,1,1,1
S06,11,28,2,0,0
S06,12,2,1,1,1
S06,12,4,2,0,0
S06,12,6,1,1,1
S06,12,8,2,1,1
S06,12,10,1,1,0
S06,12,12,2,0,0
S06,12,14,1,1,1
S06,12,16,2,0,0
S06,12,18,1,0,1
S06,12,20,2,1,1
S06,12,22,1,1,1
S06,12,24,2,1,0
S06,12,26,1,1,1
S06,12,28,2,0,0
S06,13,2,1,0,1
S06,13,4,2,0,0
S06,13,6,1,1,1
S06,13,8,2,0,0
S06,13,10,1,1,1
S06,13,12,2,0,0
S06,13,14,1,0,1
S06,13,16,2,0,0
S06,13,18,1,1,1
S06,13,20,2,0,0
S06,13,22,1,0,0
S06,13,24,2,0,0
S06,13,26,1,1,1
S06,13,28,2,0,0
S06,14,2,1,0,0
S06,14,4,2,1,1
S06,14,6,1,1,1
S06,14,8,2,1,0
S06,14,10,1,2,1
S06,14,12,2,0,0
S06,14,14,1,2,2
S06,14,16,2,0,0
S06,14,18,1,1,1
S06,14,20,2,0,0
S06,14,22,1,1,1
S06,14,24,2,0,0
S06,14,26,1,1,1
S06,14,28,2,1,1
S06,15,2,1,2,2
S06,15,4,2,0,0
S06,15,6,1,1,1
S06,15,8,2,0,0
S06,15,10,1,2,2
S06,15,12,2,0,0
S06,15,14,1,2,2
S06,15,16,2,0,0
S06,15,18,1,1,1
S06,15,20,2,0,0
S06,15,22,1,1,1
S06,15,24,2,0,0
S06,15,26,1,1,1
S06,15,28,2,0,0
S06,16,2,1,1,1
S06,16,4,2,0,0
S06,16,6,1,1,1
S06,16,8,2,0,0
S06,16,10,1,1,1
S06,16,12,2,0,0
S06,16,14,1,1,1
S06,16,16,2,0,0
S06,16,18,1,0,0
S06,16,20,2,0,0
S06,16,22,1,0,0
S06,16,24,2,0,0
S06,16,26,1,0,0
S06,16,28,2,1,1
S07,1,2,1,0,0
S07,1,4,2,1,1
S07,1,6,1,0,0
S07,1,8,2,1,1
S07,1,10,1,0,0
S07,1,12,2,0,0
S07,1,14,1,1,0
S07,1,16,2,1,1
S07,1,18,1,0,0
S07,1,20,2,1,1
S07,1,22,1,0,0
S07,1,24,2,0,0
S07,1,26,1,0,0
S07,1,28,2,0,0
S07,2,2,1,1,1
S07,2,4,2,0,0
S07,2,6,1,0,0
S07,2,8,2,0,0
S07,2,10,1,0,0
S07,2,12,2,1,1
S07,2,14,1,0,0
S07,2,16,2,0,0
S07,2,18,1,1,0
S07,2,20,2,0,0
S07,2,22,1,0,0
S07,2,24,2,0,0
S07,2,26,1,1,0
S07,2,28,2,0,0
S07,3,2,1,1,0
S07,3,4,2,1,1
S07,3,6,1,0,0
S07,3,8,2,2,2
S07,3,10,1,0,0
S07,3,12,2,1,1
S07,3,14,1,0,0
S07,3,16,2,1,1
S07,3,18,1,1,0
S07,3,20,2,1,1
S07,3,22,1,0,0
S07,3,24,2,1,1
S07,3,26,1,0,0
S07,3,28,2,2,1
S07,4,2,1,1,1
S07,4,4,2,2,2
S07,4,6,1,1,1
S07,4,8,2,2,2
S07,4,10,1,1,1
S07,4,12,2,2,2
S07,4,14,1,1,1
S07,4,16,2,2,2
S07,4,18,1,1,1
S07,4,20,2,2,2
S07,4,22,1,1,1
S07,4,24,2,2,2
S07,4,26,1,1,1
S07,4,28,2,2,2
S07,5,2,1,1,1
S07,5,4,2,0,0
S07,5,6,1,1,1
S07,5,8,2,0,0
S07,5,10,1,1,0
S07,5,12,2,0,0
S07,5,14,1,0,0
S07,5,16,2,0,0
S07,5,18,1,0,0
S07,5,20,2,0,0
S07,5,22,1,1,0
S07,5,24,2,1,1
S07,5,26,1,0,0
S07,5,28,2,1,1
S07,6,2,1,1,1
S07,6,4,2,2,2
S07,6,6,1,0,0
S07,6,8,2,2,2
S07,6,10,1,0,0
S07,6,12,2,2,2
S07,6,14,1,1,1
S07,6,16,2,2,2
S07,6,18,1,0,1
S07,6,20,2,2,2
S07,6,22,1,0,0
S07,6,24,2,2,2
S07,6,26,1,1,1
S07,6,28,2,2,2
S07,7,2,1,0,0
S07,7,4,2,2,1
S07,7,6,1,0,0
S07,7,8,2,1,1
S07,7,10,1,0,0
S07,7,12,2,0,0
S07,7,14,1,0,0
S07,7,16,2,0,0
S07,7,18,1,0,0
S07,7,20,2,0,0
S07,7,22,1,0,0
S07,7,24,2,0,0
S07,7,26,1,0,0
S07,7,28,2,0,0
S07,8,2,1,0,0
S07,8,4,2,2,2
S07,8,6,1,0,0
S07,8,8,2,1,1
S07,8,10,1,0,0
S07,8,12,2,2,2
S07,8,14,1,0,0
S07,8,16,2,1,1
S07,8,18,1,1,1
S07,8,20,2,1,1
S07,8,22,1,0,0
S07,8,24,2,1,1
S07,8,26,1,0,0
S07,8,28,2,2,2
S07,9,2,1,0,0
S07,9,4,2,2,2
S07,9,6,1,0,0
S07,9,8,2,2,2
S07,9,10,1,0,0
S07,9,12,2,2,2
S07,9,14,1,0,0
S07,9,16,2,1,1
S07,9,18,1,0,0
S07,9,20,2,2,2
S07,9,22,1,0,0
S07,9,24,2,2,2
S07,9,26,1,0,0
S07,9,28,2,0,0
S07,10,2,1,0,0
S07,10,4,2,2,2
S07,10,6,1,0,0
S07,10,8,2,2,2
S07,10,10,1,0,0
S07,10,12,2,2,1
S07,10,14,1,0,0
S07,10,16,2,1,1
S07,10,18,1,1,0
S07,10,20,2,2,1
S07,10,22,1,0,0
S07,10,24,2,1,1
S07,10,26,1,0,0
S07,10,28,2,2,1
S07,11,2,1,0,0
S07,11,4,2,2,2
S07,11,6,1,0,0
S07,11,8,2,2,2
S07,11,10,1,0,0
S07,11,12,2,2,2
S07,11,14,1,0,0
S07,11,16,2,2,2
S07,11,18,1,0,0
S07,11,20,2,1,1
S07,11,22,1,0,0
S07,11,24,2,1,1
S07,11,26,1,1,0
S07,11,28,2,1,1
S07,12,2,1,1,1
S07,12,4,2,1,0
S07,12,6,1,2,1
S07,12,8,2,0,0
S07,12,10,1,1,0
S07,12,12,2,0,0
S07,12,14,1,1,0
S07,12,16,2,0,0
S07,12,18,1,1,0
S07,12,20,2,0,0
S07,12,22,1,1,0
S07,12,24,2,0,0
S07,12,26,1,1,0
S07,12,28,2,0,0
S07,13,2,1,0,0
S07,13,4,2,2,2
S07,13,6,1,1,1
S07,13,8,2,2,2
S07,13,10,1,0,0
S07,13,12,2,2,2
S07,13,14,1,0,0
S07,13,16,2,1,1
S07,13,18,1,0,0
S07,13,20,2,2,2
S07,13,22,1,0,0
S07,13,24,2,1,1
S07,13,26,1,0,0
S07,13,28,2,1,1
S07,14,2,1,1,1
S07,14,4,2,1,1
S07,14,6,1,0,0
S07,14,8,2,1,0
S07,14,10,1,0,0
S07,14,12,2,1,1
S07,14,14,1,0,0
S07,14,16,2,1,1
S07,14,18,1,0,0
S07,14,20,2,0,0
S07,14,22,1,0,0
S07,14,24,2,0,0
S07,14,26,1,0,0
S07,14,28,2,0,0
S07,15,2,1,0,0
S07,15,4,2,2,2
S07,15,6,1,0,0
S07,15,8,2,2,2
S07,15,10,1,0,0
S07,15,12,2,2,1
S07,15,14,1,0,0
S07,15,16,2,1,1
S07,15,18,1,0,0
S07,15,20,2,2,2
S07,15,22,1,0,0
S07,15,24,2,1,1
S07,15,26,1,0,0
S07,15,28,2,0,1
S07,16,2,1,0,0
S07,16,4,2,2,2
S07,16,6,1,0,0
S07,16,8,2,1,1
S07,16,10,1,0,0
S07,16,12,2,0,0
S07,16,14,1,0,0
S07,16,16,2,0,0
S07,16,18,1,1,0
S07,16,20,2,1,1
S07,16,22,1,0,0
S07,16,24,2,0,0
S07,16,26,1,1,0
S07,16,28,2,0,0
S08,1,2,1,0,2
S08,1,4,2,0,0
S08,1,6,1,0,2
S08,1,8,2,0,1
S08,1,10,1,0,2
S08,1,12,2,0,1
S08,1,14,1,0,2
S08,1,16,2,0,0
S08,1,18,1,0,2
S08,1,20,2,0,0
S08,1,22,1,1,2
S08,1,24,2,0,0
S08,1,26,1,0,2
S08,1,28,2,0,1
S08,2,2,1,0,2
S08,2,4,2,0,1
S08,2,6,1,0,2
S08,2,8,2,0,1
S08,2,10,1,0,2
S08,2,12,2,1,2
S08,2,14,1,0,2
S08,2,16,2,0,1
S08,2,18,1,0,2
S08,2,20,2,0,2
S08,2,22,1,0,2
S08,2,24,2,0,1
S08,2,26,1,1,2
S08,2,28,2,0,1
S08,3,2,1,1,1
S08,3,4,2,1,2
S08,3,6,1,1,2
S08,3,8,2,0,1
S08,3,10,1,0,2
S08,3,12,2,0,2
S08,3,14,1,0,1
S08,3,16,2,1,2
S08,3,18,1,0,1
S08,3,20,2,0,1
S08,3,22,1,1,2
S08,3,24,2,0,1
S08,3,26,1,0,2
S08,3,28,2,0,1
S08,4,2,1,0,2
S08,4,4,2,0,2
S08,4,6,1,0,1
S08,4,8,2,1,2
S08,4,10,1,1,2
S08,4,12,2,1,2
S08,4,14,1,0,1
S08,4,16,2,1,2
S08,4,18,1,0,1
S08,4,20,2,1,1
S08,4,22,1,0,1
S08,4,24,2,1,2
S08,4,26,1,0,1
S08,4,28,2,1,2
S08,5,2,1,0,2
S08,5,4,2,0,1
S08,5,6,1,0,1
S08,5,8,2,0,1
S08,5,10,1,0,1
S08,5,12,2,0,1
S08,5,14,1,0,2
S08,5,16,2,0,1
S08,5,18,1,0,2
S08,5,20,2,0,1
S08,5,22,1,0,1
S08,5,24,2,0,1
S08,5,26,1,0,1
S08,5,28,2,0,1
S08,6,2,1,1,2
S08,6,4,2,0,1
S08,6,6,1,0,2
S08,6,8,2,1,2
S08,6,10,1,1,2
S08,6,12,2,1,2
S08,6,14,1,0,2
S08,6,16,2,1,2
S08,6,18,1,1,1
S08,6,20,2,1,2
S08,6,22,1,0,1
S08,6,24,2,2,2
S08,6,26,1,1,1
S08,6,28,2,1,2
S08,7,2,1,0,1
S08,7,4,2,1,1
S08,7,6,1,1,2
S08,7,8,2,0,2
S08,7,10,1,1,2
S08,7,12,2,1,1
S08,7,14,1,1,2
S08,7,16,2,1,1
S08,7,18,1,2,2
S08,7,20,2,1,1
S08,7,22,1,1,2
S08,7,24,2,0,1
S08,7,26,1,1,2
S08,7,28,2,1,1
S08,8,2,1,2,2
S08,8,4,2,1,1
S08,8,6,1,1,1
S08,8,8,2,1,1
S08,8,10,1,1,1
S08,8,12,2,0,1
S08,8,14,1,0,1
S08,8,16,2,1,1
S08,8,18,1,1,2
S08,8,20,2,1,1
S08,8,22,1,0,1
S08,8,24,2,0,1
S08,8,26,1,0,1
S08,8,28,2,0,1
S08,9,2,1,0,1
S08,9,4,2,1,1
S08,9,6,1,1,2
S08,9,8,2,1,2
S08,9,10,1,1,2
S08,9,12,2,1,2
S08,9,14,1,1,2
S08,9,16,2,1,2
S08,9,18,1,1,2
S08,9,20,2,0,1
S08,9,22,1,1,2
S08,9,24,2,1,2
S08,9,26,1,1,2
S08,9,28,2,1,1
S08,10,2,1,1,1
S08,10,4,2,0,1
S08,10,6,1,1,2
S08,10,8,2,1,2
S08,10,10,1,0,1
S08,10,12,2,0,2
S08,10,14,1,0,1
S08,10,16,2,0,1
S08,10,18,1,0,2
S08,10,20,2,1,1
S08,10,22,1,0,2
S08,10,24,2,1,2
S08,10,26,1,0,1
S08,10,28,2,1,2
S08,11,2,1,1,2
S08,11,4,2,1,2
S08,11,6,1,1,2
S08,11,8,2,1,2
S08,11,10,1,1,2
S08,11,12,2,1,2
S08,11,14,1,0,1
S08,11,16,2,1,2
S08,11,18,1,0,1
S08,11,20,2,1,2
S08,11,22,1,0,1
S08,11,24,2,1,2
S08,11,26,1,0,1
S08,11,28,2,1,2
S08,12,2,1,0,1
S08,12,4,2,0,1
S08,12,6,1,0,1
S08,12,8,2,0,1
S08,12,10,1,1,1
S08,12,12,2,0,1
S08,12,14,1,1,2
S08,12,16,2,0,1
S08,12,18,1,0,1
S08,12,20,2,0,1
S08,12,22,1,0,1
S08,12,24,2,0,1
S08,12,26,1,0,1
S08,12,28,2,0,1
S08,13,2,1,1,2
S08,13,4,2,1,2
S08,13,6,1,0,1
S08,13,8,2,1,2
S08,13,10,1,0,1
S08,13,12,2,1,2
S08,13,14,1,0,1
S08,13,16,2,1,2
S08,13,18,1,0,1
S08,13,20,2,1,2
S08,13,22,1,1,2
S08,13,24,2,1,2
S08,13,26,1,1,2
S08,13,28,2,1,2
S08,14,2,1,0,2
S08,14,4,2,1,1
S08,14,6,1,0,1
S08,14,8,2,0,1
S08,14,10,1,0,1
S08,14,12,2,0,1
S08,14,14,1,0,1
S08,14,16,2,0,1
S08,14,18,1,0,2
S08,14,20,2,0,1
S08,14,22,1,0,2
S08,14,24,2,0,1
S08,14,26,1,0,2
S08,14,28,2,0,1
S08,15,2,1,1,2
S08,15,4,2,0,1
S08,15,6,1,0,1
S08,15,8,2,1,1
S08,15,10,1,1,2
S08,15,12,2,1,2
S08,15,14,1,1,2
S08,15,16,2,1,1
S08,15,18,1,2,2
S08,15,20,2,1,1
S08,15,22,1,0,1
S08,15,24,2,1,2
S08,15,26,1,1,2
S08,15,28,2,1,2
S08,16,2,1,0,1
S08,16,4,2,0,1
S08,16,6,1,1,2
S08,16,8,2,1,1
S08,16,10,1,1,2
S08,16,12,2,1,1
S08,16,14,1,1,2
S08,16,16,2,1,1
S08,16,18,1,1,2
S08,16,20,2,1,1
S08,16,22,1,1,2
S08,16,24,2,0,1
S08,16,26,1,1,2
S08,16,28,2,1,2
S09,1,2,1,0,0
S09,1,4,2,0,0
S09,1,6,1,0,0
S09,1,8,2,0,0
S09,1,10,1,0,0
S09,1,12,2,0,0
S09,1,14,1,0,0
S09,1,16,2,1,1
S09,1,18,1,0,0
S09,1,20,2,0,0
S09,1,22,1,0,0
S09,1,24,2,0,0
S09,1,26,1,0,0
S09,1,28,2,0,0
S09,2,2,1,0,0
S09,2,4,2,0,0
S09,2,6,1,0,0
S09,2,8,2,0,0
S09,2,10,1,0,0
S09,2,12,2,1,1
S09,2,14,1,1,1
S09,2,16,2,1,1
S09,2,18,1,1,1
S09,2,20,2,1,1
S09,2,22,1,1,1
S09,2,24,2,2,2
S09,2,26,1,1,1
S09,2,28,2,2,2
S09,3,2,1,1,1
S09,3,4,2,2,2
S09,3,6,1,1,0
S09,3,8,2,2,2
S09,3,10,1,1,1
S09,3,12,2,2,2
S09,3,14,1,1,1
S09,3,16,2,2,2
S09,3,18,1,1,1
S09,3,20,2,2,2
S09,3,22,1,1,1
S09,3,24,2,2,2
S09,3,26,1,0,0
S09,3,28,2,2,2
S09,4,2,1,0,0
S09,4,4,2,2,2
S09,4,6,1,1,0
S09,4,8,2,2,2
S09,4,10,1,1,1
S09,4,12,2,2,2
S09,4,14,1,1,1
S09,4,16,2,2,2
S09,4,18,1,1,0
S09,4,20,2,2,2
S09,4,22,1,1,1
S09,4,24,2,2,2
S09,4,26,1,2,2
S09,4,28,2,2,2
S09,5,2,1,1,1
S09,5,4,2,0,0
S09,5,6,1,0,0
S09,5,8,2,0,0
S09,5,10,1,0,0
S09,5,12,2,0,0
S09,5,14,1,0,0
S09,5,16,2,0,0
S09,5,18,1,0,0
S09,5,20,2,1,0
S09,5,22,1,0,0
S09,5,24,2,0,0
S09,5,26,1,1,1
S09,5,28,2,0,0
S09,6,2,1,0,0
S09,6,4,2,1,1
S09,6,6,1,1,1
S09,6,8,2,1,1
S09,6,10,1,1,1
S09,6,12,2,1,0
S09,6,14,1,0,0
S09,6,16,2,2,2
S09,6,18,1,1,1
S09,6,20,2,2,2
S09,6,22,1,1,1
S09,6,24,2,0,0
S09,6,26,1,1,1
S09,6,28,2,0,0
S09,7,2,1,1,1
S09,7,4,2,2,2
S09,7,6,1,0,0
S09,7,8,2,0,0
S09,7,10,1,0,0
S09,7,12,2,0,0
S09,7,14,1,1,0
S09,7,16,2,0,0
S09,7,18,1,0,0
S09,7,20,2,2,1
S09,7,22,1,1,1
S09,7,24,2,0,0
S09,7,26,1,1,1
S09,7,28,2,0,0
S09,8,2,1,1,1
S09,8,4,2,0,0
S09,8,6,1,0,0
S09,8,8,2,1,0
S09,8,10,1,0,0
S09,8,12,2,0,0
S09,8,14,1,0,0
S09,8,16,2,1,1
S09,8,18,1,1,1
S09,8,20,2,0,0
S09,8,22,1,0,0
S09,8,24,2,0,0
S09,8,26,1,1,1
S09,8,28,2,1,1
S09,9,2,1,0,0
S09,9,4,2,0,0
S09,9,6,1,0,0
S09,9,8,2,0,0
S09,9,10,1,0,0
S09,9,12,2,0,0
S09,9,14,1,0,0
S09,9,16,2,0,0
S09,9,18,1,1,1
S09,9,20,2,0,0
S09,9,22,1,0,0
S09,9,24,2,0,0
S09,9,26,1,0,0
S09,9,28,2,0,0
S09,10,2,1,1,1
S09,10,4,2,2,2
S09,10,6,1,2,1
S09,10,8,2,2,1
S09,10,10,1,1,0
S09,10,12,2,1,1
S09,10,14,1,1,1
S09,10,16,2,0,0
S09,10,18,1,1,1
S09,10,20,2,1,1
S09,10,22,1,1,1
S09,10,24,2,1,1
S09,10,26,1,1,1
S09,10,28,2,1,0
S09,11,2,1,0,0
S09,11,4,2,2,2
S09,11,6,1,1,1
S09,11,8,2,0,0
S09,11,10,1,1,1
S09,11,12,2,1,0
S09,11,14,1,1,1
S09,11,16,2,2,1
S09,11,18,1,0,0
S09,11,20,2,1,1
S09,11,22,1,0,0
S09,11,24,2,1,1
S09,11,26,1,1,1
S09,11,28,2,2,2
S09,12,2,1,1,0
S09,12,4,2,0,0
S09,12,6,1,0,0
S09,12,8,2,0,0
S09,12,10,1,0,0
S09,12,12,2,0,0
S09,12,14,1,0,0
S09,12,16,2,0,0
S09,12,18,1,0,0
S09,12,20,2,0,0
S09,12,22,1,1,1
S09,12,24,2,0,0
S09,12,26,1,0,0
S09,12,28,2,1,1
S09,13,2,1,1,0
S09,13,4,2,1,1
S09,13,6,1,1,1
S09,13,8,2,0,0
S09,13,10,1,1,1
S09,13,12,2,0,0
S09,13,14,1,1,1
S09,13,16,2,0,0
S09,13,18,1,1,1
S09,13,20,2,0,0
S09,13,22,1,1,1
S09,13,24,2,0,0
S09,13,26,1,0,0
S09,13,28,2,0,0
S09,14,2,1,0,0
S09,14,4,2,0,0
S09,14,6,1,2,1
S09,14,8,2,1,0
S09,14,10,1,1,1
S09,14,12,2,1,1
S09,14,14,1,0,0
S09,14,16,2,0,0
S09,14,18,1,0,0
S09,14,20,2,0,0
S09,14,22,1,1,0
S09,14,24,2,0,0
S09,14,26,1,0,0
S09,14,28,2,0,0
S09,15,2,1,2,1
S09,15,4,2,0,0
S09,15,6,1,1,1
S09,15,8,2,1,0
S09,15,10,1,2,1
S09,15,12,2,1,1
S09,15,14,1,1,1
S09,15,16,2,0,0
S09,15,18,1,0,0
S09,15,20,2,0,0
S09,15,22,1,0,0
S09,15,24,2,0,0
S09,15,26,1,0,0
S09,15,28,2,0,0
S09,16,2,1,0,0
S09,16,4,2,0,0
S09,16,6,1,0,0
S09,16,8,2,0,0
S09,16,10,1,0,0
S09,16,12,2,0,0
S09,16,14,1,0,0
S09,16,16,2,1,1
S09,16,18,1,0,0
S09,16,20,2,0,0
S09,16,22,1,1,0
S09,16,24,2,1,1
S09,16,26,1,0,0
S09,16,28,2,0,0
